crop,feature_family,importance
Wheat,Soil,0.37551436176904684
Wheat,Sentinel-2,0.2747965360856416
Wheat,Weather,0.17956928221814644
Wheat,District,0.11515338201477712
Wheat,Sentinel-1,0.03057580039573049
Wheat,Year,0.02439063751665765
Gram,District,0.31201408287356186
Gram,Sentinel-1,0.1875915251655117
Gram,Soil,0.1768861795488769
Gram,Sentinel-2,0.1530128707448454
Gram,Weather,0.10137010087943894
Gram,Year,0.06912524078776515
Maize (Autumn),District,0.29707111601957953
Maize (Autumn),Sentinel-2,0.27626054316287685
Maize (Autumn),Weather,0.20007997011940737
Maize (Autumn),Soil,0.15089540925668374
Maize (Autumn),Sentinel-1,0.05759109840027958
Maize (Autumn),Year,0.018101863041172804
Rapeseed & Mustard,Weather,0.3198367849087655
Rapeseed & Mustard,Sentinel-2,0.1962384095657581
Rapeseed & Mustard,Soil,0.18821173882929618
Rapeseed & Mustard,District,0.17868893571591052
Rapeseed & Mustard,Sentinel-1,0.08969013571227967
Rapeseed & Mustard,Year,0.027333995267990237
Jowar,District,0.42360373976951055
Jowar,Sentinel-2,0.23444968385157358
Jowar,Weather,0.14382902654494537
Jowar,Soil,0.11659123200796336
Jowar,Sentinel-1,0.061218404205528446
Jowar,Year,0.020307913620478683
Sugarcane,Weather,0.37993847214096227
Sugarcane,District,0.21562859042615706
Sugarcane,Soil,0.16434694000605174
Sugarcane,Sentinel-2,0.09783198511777273
Sugarcane,Sentinel-1,0.07912686823991184
Sugarcane,Year,0.06312714406914431
