district,crop,year,season_group,Actual_Yield_t_ha,Predicted_Yield_t_ha,Absolute_Error_t_ha,Signed_Error_t_ha
Attock,Wheat,2024-25,Rabi,1.45103,1.6754081421446392,0.22437814214463914,0.22437814214463914
Bahawalnagar,Wheat,2024-25,Rabi,3.579141,3.86851561463319,0.28937461463319014,0.28937461463319014
Bahawalpur,Wheat,2024-25,Rabi,3.626586,3.6919370534949225,0.06535105349492243,0.06535105349492243
Bhakkar,Wheat,2024-25,Rabi,2.886245,2.737865009579814,0.14837999042018613,-0.14837999042018613
Chakwal,Wheat,2024-25,Rabi,1.629938,1.5527626481582604,0.07717535184173974,-0.07717535184173974
Chiniot,Wheat,2024-25,Rabi,3.888523,3.7372771531191393,0.15124584688086085,-0.15124584688086085
Dera Ghazi Khan,Wheat,2024-25,Rabi,3.916199,3.5847438994668606,0.33145510053313965,-0.33145510053313965
Faisalabad,Wheat,2024-25,Rabi,3.791656,3.733460392810577,0.05819560718942318,-0.05819560718942318
Gujranwala,Wheat,2024-25,Rabi,3.553442,3.5754934027223246,0.022051402722324642,0.022051402722324642
Gujrat,Wheat,2024-25,Rabi,2.506684,2.193695906912225,0.3129880930877751,-0.3129880930877751
Hafizabad,Wheat,2024-25,Rabi,3.47239,3.7419274917627074,0.2695374917627076,0.2695374917627076
Jhang,Wheat,2024-25,Rabi,3.76991,3.756545470385797,0.013364529614202869,-0.013364529614202869
Jhelum,Wheat,2024-25,Rabi,2.069793,2.139054428034656,0.06926142803465574,0.06926142803465574
Kasur,Wheat,2024-25,Rabi,3.866777,3.8026711791711847,0.06410582082881522,-0.06410582082881522
Khanewal,Wheat,2024-25,Rabi,4.013066,3.8455636058731537,0.16750239412684653,-0.16750239412684653
Khushab,Wheat,2024-25,Rabi,2.262539,2.1951797101647013,0.0673592898352986,-0.0673592898352986
Lahore,Wheat,2024-25,Rabi,3.898407,3.6652152998717815,0.23319170012821866,-0.23319170012821866
Leiah,Wheat,2024-25,Rabi,3.094806,3.0179487721982614,0.07685722780173876,-0.07685722780173876
Lodhran,Wheat,2024-25,Rabi,3.967598,3.8791060098435963,0.08849199015640385,-0.08849199015640385
Mandi Bahauddin,Wheat,2024-25,Rabi,3.437794,3.105060706341627,0.3327332936583729,-0.3327332936583729
Mianwali,Wheat,2024-25,Rabi,3.053291,2.770297669088808,0.28299333091119205,-0.28299333091119205
Multan,Wheat,2024-25,Rabi,3.847997,3.848584873502939,0.0005878735029392068,0.0005878735029392068
Muzaffargarh,Wheat,2024-25,Rabi,3.562338,3.5108896578032587,0.051448342196741326,-0.051448342196741326
Nankana Sahib,Wheat,2024-25,Rabi,3.957714,3.8422569847069346,0.11545701529306562,-0.11545701529306562
Narowal,Wheat,2024-25,Rabi,2.905025,2.7358015964852336,0.1692234035147666,-0.1692234035147666
Okara,Wheat,2024-25,Rabi,4.20087,4.037021557844223,0.16384844215577754,-0.16384844215577754
Pakpattan,Wheat,2024-25,Rabi,4.157379,3.923522913542656,0.2338560864573438,-0.2338560864573438
Rahim Yar Khan,Wheat,2024-25,Rabi,3.655251,3.9074190328274776,0.2521680328274778,0.2521680328274778
Rajanpur,Wheat,2024-25,Rabi,3.521812,3.6670160772519624,0.14520407725196227,0.14520407725196227
Rawalpindi,Wheat,2024-25,Rabi,1.664533,2.001237874853855,0.3367048748538548,0.3367048748538548
Sahiwal,Wheat,2024-25,Rabi,3.848985,3.884015591608322,0.035030591608322226,0.035030591608322226
Sargodha,Wheat,2024-25,Rabi,3.150158,2.9948895394008668,0.15526846059913302,-0.15526846059913302
Sheikhupura,Wheat,2024-25,Rabi,3.50995,3.684424576997812,0.17447457699781221,0.17447457699781221
Sialkot,Wheat,2024-25,Rabi,3.013754,2.8429552553068573,0.1707987446931427,-0.1707987446931427
Toba Tek Singh,Wheat,2024-25,Rabi,3.904338,3.7148951550372544,0.18944284496274566,-0.18944284496274566
Vehari,Wheat,2024-25,Rabi,3.924107,3.881312599058785,0.04279440094121467,-0.04279440094121467
Attock,Gram,2024-25,Rabi,0.558469,0.6554427723555183,0.0969737723555183,0.0969737723555183
Bahawalnagar,Gram,2024-25,Rabi,0.871804,0.9450687118671721,0.0732647118671721,0.0732647118671721
Bahawalpur,Gram,2024-25,Rabi,1.435215,1.3247526480427054,0.11046235195729448,-0.11046235195729448
Bhakkar,Gram,2024-25,Rabi,0.114659,0.41674873755230657,0.30208973755230656,0.30208973755230656
Chakwal,Gram,2024-25,Rabi,0.860931,0.557932240919305,0.30299875908069496,-0.30299875908069496
Dera Ghazi Khan,Gram,2024-25,Rabi,0.826336,0.7170629514495193,0.1092730485504807,-0.1092730485504807
Gujrat,Gram,2024-25,Rabi,0.205596,0.2906374020087483,0.08504140200874832,0.08504140200874832
Jhang,Gram,2024-25,Rabi,0.123555,0.35825353051062797,0.23469853051062797,0.23469853051062797
Khushab,Gram,2024-25,Rabi,0.157162,0.3128790211787765,0.15571702117877648,0.15571702117877648
Leiah,Gram,2024-25,Rabi,0.168035,0.3383086821992164,0.1702736821992164,0.1702736821992164
Mianwali,Gram,2024-25,Rabi,0.342989,0.6060504313251893,0.26306143132518933,0.26306143132518933
Rawalpindi,Gram,2024-25,Rabi,0.564399,0.7657326564777347,0.2013336564777347,0.2013336564777347
Toba Tek Singh,Gram,2024-25,Rabi,0.24711,0.6309609919911296,0.38385099199112965,0.38385099199112965
Attock,Maize (Autumn),2024-25,Kharif,4.763292,4.430076748417853,0.33321525158214715,-0.33321525158214715
Bahawalnagar,Maize (Autumn),2024-25,Kharif,7.873913,6.766193891465922,1.107719108534078,-1.107719108534078
Bahawalpur,Maize (Autumn),2024-25,Kharif,7.146421,6.607248611070124,0.5391723889298765,-0.5391723889298765
Chiniot,Maize (Autumn),2024-25,Kharif,7.291722,7.160215707786801,0.13150629221319932,-0.13150629221319932
Dera Ghazi Khan,Maize (Autumn),2024-25,Kharif,4.9422,5.035134676409543,0.09293467640954312,0.09293467640954312
Faisalabad,Maize (Autumn),2024-25,Kharif,6.277582,6.9199115165374625,0.6423295165374627,0.6423295165374627
Jhang,Maize (Autumn),2024-25,Kharif,6.966525,4.925419622965538,2.0411053770344623,-2.0411053770344623
Jhelum,Maize (Autumn),2024-25,Kharif,5.634108,5.4272568614387495,0.2068511385612508,-0.2068511385612508
Kasur,Maize (Autumn),2024-25,Kharif,6.698658,7.121756276305479,0.42309827630547936,0.42309827630547936
Khanewal,Maize (Autumn),2024-25,Kharif,6.48812,6.552801586067864,0.06468158606786378,0.06468158606786378
Lodhran,Maize (Autumn),2024-25,Kharif,7.182993,6.727257317019128,0.45573568298087164,-0.45573568298087164
Multan,Maize (Autumn),2024-25,Kharif,6.57708,6.119354211043324,0.4577257889566759,-0.4577257889566759
Muzaffargarh,Maize (Autumn),2024-25,Kharif,6.515796,6.325752715010037,0.19004328498996248,-0.19004328498996248
Nankana Sahib,Maize (Autumn),2024-25,Kharif,6.650224,6.7210562937740415,0.07083229377404177,0.07083229377404177
Okara,Maize (Autumn),2024-25,Kharif,7.290733,6.912564957735619,0.37816804226438094,-0.37816804226438094
Pakpattan,Maize (Autumn),2024-25,Kharif,6.096698,7.058478348114692,0.9617803481146918,0.9617803481146918
Rahim Yar Khan,Maize (Autumn),2024-25,Kharif,6.797502,5.844226830820807,0.953275169179193,-0.953275169179193
Rawalpindi,Maize (Autumn),2024-25,Kharif,2.403886,2.6100788271607365,0.2061928271607365,0.2061928271607365
Sahiwal,Maize (Autumn),2024-25,Kharif,6.723369,6.914131044923618,0.19076204492361803,0.19076204492361803
Sargodha,Maize (Autumn),2024-25,Kharif,6.702612,5.408200174741542,1.2944118252584582,-1.2944118252584582
Toba Tek Singh,Maize (Autumn),2024-25,Kharif,6.379392,6.406860434602635,0.027468434602634595,0.027468434602634595
Vehari,Maize (Autumn),2024-25,Kharif,6.62749,6.529402113499035,0.09808788650096467,-0.09808788650096467
Attock,Rapeseed & Mustard,2024-25,Rabi,0.603937,0.6716594405498679,0.06772244054986798,0.06772244054986798
Bahawalnagar,Rapeseed & Mustard,2024-25,Rabi,1.689244,1.452590293689462,0.23665370631053806,-0.23665370631053806
Bahawalpur,Rapeseed & Mustard,2024-25,Rabi,1.736689,1.7256177051019668,0.011071294898033157,-0.011071294898033157
Bhakkar,Rapeseed & Mustard,2024-25,Rabi,1.32451,1.2799164495380735,0.04459355046192659,-0.04459355046192659
Chakwal,Rapeseed & Mustard,2024-25,Rabi,0.914307,1.152005872115319,0.23769887211531904,0.23769887211531904
Chiniot,Rapeseed & Mustard,2024-25,Rabi,1.307706,1.5759758715541574,0.2682698715541574,0.2682698715541574
Dera Ghazi Khan,Rapeseed & Mustard,2024-25,Rabi,1.939319,1.1517782700812504,0.7875407299187496,-0.7875407299187496
Faisalabad,Rapeseed & Mustard,2024-25,Rabi,1.872105,1.6281683145745984,0.24393668542540148,-0.24393668542540148
Gujranwala,Rapeseed & Mustard,2024-25,Rabi,1.107053,1.32063468077587,0.21358168077586992,0.21358168077586992
Gujrat,Rapeseed & Mustard,2024-25,Rabi,0.632602,0.8068798566473909,0.17427785664739093,0.17427785664739093
Jhang,Rapeseed & Mustard,2024-25,Rabi,1.607203,1.7028978211714882,0.09569482117148831,0.09569482117148831
Jhelum,Rapeseed & Mustard,2024-25,Rabi,0.623706,0.819456809243132,0.19575080924313204,0.19575080924313204
Kasur,Rapeseed & Mustard,2024-25,Rabi,1.418411,1.3971841028718335,0.02122689712816661,-0.02122689712816661
Khanewal,Rapeseed & Mustard,2024-25,Rabi,1.338348,1.5645242707953448,0.22617627079534475,0.22617627079534475
Khushab,Rapeseed & Mustard,2024-25,Rabi,1.089261,1.0235761228938864,0.06568487710611359,-0.06568487710611359
Lahore,Rapeseed & Mustard,2024-25,Rabi,1.903735,1.500745531278528,0.4029894687214719,-0.4029894687214719
Leiah,Rapeseed & Mustard,2024-25,Rabi,1.401608,1.4654610312425138,0.06385303124251385,0.06385303124251385
Lodhran,Rapeseed & Mustard,2024-25,Rabi,1.418411,1.4391283191171427,0.020717319117142585,0.020717319117142585
Mianwali,Rapeseed & Mustard,2024-25,Rabi,1.503417,1.2693588907706586,0.23405810922934145,-0.23405810922934145
Multan,Rapeseed & Mustard,2024-25,Rabi,1.363059,1.7155888457676403,0.35252984576764024,0.35252984576764024
Muzaffargarh,Rapeseed & Mustard,2024-25,Rabi,1.435215,1.6337378376333174,0.19852283763331746,0.19852283763331746
Nankana Sahib,Rapeseed & Mustard,2024-25,Rabi,1.585458,1.4879414207890873,0.09751657921091272,-0.09751657921091272
Narowal,Rapeseed & Mustard,2024-25,Rabi,1.327475,1.1893269729091762,0.13814802709082374,-0.13814802709082374
Okara,Rapeseed & Mustard,2024-25,Rabi,1.524174,1.5772997459437534,0.05312574594375352,0.05312574594375352
Pakpattan,Rapeseed & Mustard,2024-25,Rabi,1.435215,1.524072435519825,0.08885743551982506,0.08885743551982506
Rahim Yar Khan,Rapeseed & Mustard,2024-25,Rabi,1.770296,1.5582511477567667,0.21204485224323344,-0.21204485224323344
Rajanpur,Rapeseed & Mustard,2024-25,Rabi,1.227642,1.2517084680227026,0.024066468022702736,0.024066468022702736
Rawalpindi,Rapeseed & Mustard,2024-25,Rabi,0.432937,0.5373726690389036,0.10443566903890356,0.10443566903890356
Sahiwal,Rapeseed & Mustard,2024-25,Rabi,1.548885,1.5306129415558156,0.018272058444184447,-0.018272058444184447
Sargodha,Rapeseed & Mustard,2024-25,Rabi,1.585458,1.5374054168929474,0.04805258310705263,-0.04805258310705263
Sheikhupura,Rapeseed & Mustard,2024-25,Rabi,1.867163,1.5716716846042442,0.2954913153957557,-0.2954913153957557
Sialkot,Rapeseed & Mustard,2024-25,Rabi,1.116937,1.2298903776819516,0.11295337768195157,0.11295337768195157
Toba Tek Singh,Rapeseed & Mustard,2024-25,Rabi,1.704071,1.4716329460374165,0.23243805396258344,-0.23243805396258344
Vehari,Rapeseed & Mustard,2024-25,Rabi,1.440157,1.5365843542704418,0.09642735427044191,0.09642735427044191
Attock,Jowar,2024-25,Kharif,0.271821,0.3365998382764928,0.06477883827649283,0.06477883827649283
Chakwal,Jowar,2024-25,Kharif,0.410203,0.33253355965913767,0.07766944034086232,-0.07766944034086232
Dera Ghazi Khan,Jowar,2024-25,Kharif,0.391422,0.4984442941700011,0.10702229417000109,0.10702229417000109
Kasur,Jowar,2024-25,Kharif,1.186128,0.803447911102205,0.38268008889779503,-0.38268008889779503
Khanewal,Jowar,2024-25,Kharif,0.632602,0.706155296456177,0.07355329645617703,0.07355329645617703
Leiah,Jowar,2024-25,Kharif,0.392411,0.4882882864621036,0.09587728646210358,0.09587728646210358
Mianwali,Jowar,2024-25,Kharif,0.792729,0.6290692977619099,0.16365970223809012,-0.16365970223809012
Multan,Jowar,2024-25,Kharif,0.596029,0.6809539138584828,0.08492491385848278,0.08492491385848278
Rajanpur,Jowar,2024-25,Kharif,0.49422,0.521586618914015,0.02736661891401504,0.02736661891401504
Rawalpindi,Jowar,2024-25,Kharif,0.437879,0.6982405445404392,0.26036154454043914,0.26036154454043914
Toba Tek Singh,Jowar,2024-25,Kharif,1.71692,1.6693505822015418,0.04756941779845825,-0.04756941779845825
Bahawalnagar,Sugarcane,2024-25,Kharif,75.417972,72.7078745984245,2.71009740157551,-2.71009740157551
Bahawalpur,Sugarcane,2024-25,Kharif,73.737624,71.00390542731724,2.7337185726827613,-2.7337185726827613
Bhakkar,Sugarcane,2024-25,Kharif,61.975188,68.86941078469758,6.894222784697575,6.894222784697575
Chiniot,Sugarcane,2024-25,Kharif,76.307568,74.68621985774364,1.621348142256366,-1.621348142256366
Dera Ghazi Khan,Sugarcane,2024-25,Kharif,62.864784,74.89593886222927,12.031154862229272,12.031154862229272
Faisalabad,Sugarcane,2024-25,Kharif,72.848028,72.51006120895651,0.3379667910434847,-0.3379667910434847
Gujranwala,Sugarcane,2024-25,Kharif,59.504088,59.062284436614526,0.4418035633854771,-0.4418035633854771
Gujrat,Sugarcane,2024-25,Kharif,47.44512,49.73956004240925,2.2944400424092493,2.2944400424092493
Hafizabad,Sugarcane,2024-25,Kharif,59.899464,72.50866655673629,12.609202556736285,12.609202556736285
Jhang,Sugarcane,2024-25,Kharif,71.563056,73.47579281065731,1.9127368106573073,1.9127368106573073
Kasur,Sugarcane,2024-25,Kharif,51.794256,63.53857027265627,11.744314272656275,11.744314272656275
Khanewal,Sugarcane,2024-25,Kharif,78.58098,73.36043905406136,5.220540945938637,-5.220540945938637
Khushab,Sugarcane,2024-25,Kharif,52.189632,59.06511174131605,6.875479741316049,6.875479741316049
Leiah,Sugarcane,2024-25,Kharif,62.370564,66.09144988007358,3.720885880073581,3.720885880073581
Lodhran,Sugarcane,2024-25,Kharif,82.930116,82.39169516476883,0.5384208352311646,-0.5384208352311646
Mandi Bahauddin,Sugarcane,2024-25,Kharif,63.655536,61.484226493823854,2.1713095061761436,-2.1713095061761436
Mianwali,Sugarcane,2024-25,Kharif,61.678656,69.96076005860529,8.282104058605292,8.282104058605292
Multan,Sugarcane,2024-25,Kharif,57.922584,68.43384164954301,10.511257649543012,10.511257649543012
Muzaffargarh,Sugarcane,2024-25,Kharif,72.057276,78.34186666714537,6.284590667145366,6.284590667145366
Nankana Sahib,Sugarcane,2024-25,Kharif,65.434728,69.68023789141594,4.245509891415935,4.245509891415935
Narowal,Sugarcane,2024-25,Kharif,35.781528,40.610826483781885,4.8292984837818835,4.8292984837818835
Okara,Sugarcane,2024-25,Kharif,102.402384,86.711812445584,15.690571554415996,-15.690571554415996
Pakpattan,Sugarcane,2024-25,Kharif,45.171708,58.37881526199134,13.20710726199134,13.20710726199134
Rahim Yar Khan,Sugarcane,2024-25,Kharif,82.435896,81.07992742908417,1.3559685709158344,-1.3559685709158344
Rajanpur,Sugarcane,2024-25,Kharif,75.417972,82.48192917007422,7.063957170074218,7.063957170074218
Sahiwal,Sugarcane,2024-25,Kharif,70.376928,66.11093858543009,4.2659894145699155,-4.2659894145699155
Sargodha,Sugarcane,2024-25,Kharif,67.115076,70.85698295156702,3.7419069515670174,3.7419069515670174
Sheikhupura,Sugarcane,2024-25,Kharif,64.74282,66.2298424588948,1.4870224588947991,1.4870224588947991
Sialkot,Sugarcane,2024-25,Kharif,57.724896,53.26849063824732,4.4564053617526795,-4.4564053617526795
Toba Tek Singh,Sugarcane,2024-25,Kharif,70.17924,72.62162566424917,2.442385664249173,2.442385664249173
Vehari,Sugarcane,2024-25,Kharif,67.510452,70.49024480187686,2.9797928018768545,2.9797928018768545
